Experiment,Accuracy,Precision,Recall,F1-score
text-only,0.8452380952380952,0.7163120567375887,0.8015873015873016,0.7565543071161048
image-only,0.7,0.5,0.5634920634920635,0.5298507462686567
multimodal,0.819047619047619,0.6923076923076923,0.7142857142857143,0.703125
